{
    "3.4": 2.0,
    "-11.0": 4.0,
    "9.2": 6.0,
    "-6.6": 4.0,
    "-4.8": 4.0,
    "3.8": 6.0,
    "14.1": 3.0,
    "4.1": 6.0,
    "1.5": 3.0,
    "12.7": 3.0,
    "-19.8": 9.0,
    "16.0": 5.0,
    "11.4": 5.333333333333334,
    "-7.1": 4.0,
    "-17.1": 8.0,
    "4.7": 3.3333333333333335,
    "-10.2": 6.0,
    "0.4": 5.0,
    "-6.4": 4.0,
    "4.8": 9.0,
    "-3.2": 2.0,
    "-3.5": 9.0,
    "14.2": 5.0,
    "-12.0": 6.0,
    "-3.4": 4.0,
    "-2.9": 6.0,
    "-15.8": 5.0,
    "-3.9": 5.333333333333334,
    "8.7": 9.0,
    "-6.9": 6.0,
    "19.8": 4.0,
    "-5.7": 5.0,
    "7.7": 8.333333333333332,
    "0.9": 4.0,
    "17.6": 6.333333333333334,
    "-8.2": 3.0,
    "-10.1": 4.0,
    "-1.6": 8.0,
    "-17.3": 5.0,
    "12.6": 5.0,
    "-7.6": 3.0,
    "-3.6": 6.0,
    "18.4": 3.0,
    "8.3": 8.0,
    "-17.9": 6.0,
    "19.5": 8.0,
    "-15.1": 8.0,
    "18.3": 3.0,
    "3.1": 7.0,
    "1.8": 7.0,
    "5.8": 4.0,
    "-12.5": 3.0,
    "19.2": 4.0,
    "-11.8": 3.0,
    "6.3": 7.0,
    "7.8": 7.0,
    "7.1": 6.0,
    "9.3": 10.0,
    "-10.8": 4.0,
    "-9.3": 2.0,
    "-13.8": 4.0,
    "-13.3": 9.0,
    "1.6": 4.333333333333334,
    "8.6": 8.0,
    "-6.1": 4.0,
    "-8.1": 3.0,
    "2.8": 9.0,
    "1.4": 5.333333333333333,
    "0.6": 6.5,
    "17.8": 6.0,
    "8.8": 5.0,
    "16.5": 4.0,
    "-3.0": 3.5,
    "-7.0": 8.0,
    "11.2": 9.0,
    "10.4": 6.0,
    "13.6": 3.0,
    "-2.0": 5.0,
    "13.7": 6.0,
    "16.7": 6.0,
    "0.1": 0.0,
    "-5.2": 2.0,
    "6.1": 6.5,
    "-15.3": 5.0,
    "0.7": 5.0,
    "-11.7": 6.0,
    "-4.0": 3.3333333333333335,
    "18.6": 4.0,
    "-14.6": 8.0,
    "4.5": 3.0,
    "-1.9": 3.0,
    "7.2": 7.0,
    "-10.7": 3.0,
    "-10.6": 3.0,
    "-9.0": 5.0,
    "-0.2": 2.0,
    "-11.2": 5.333333333333333,
    "-16.1": 8.333333333333332,
    "9.9": 10.0,
    "13.9": 5.0,
    "-2.8": 3.0,
    "19.7": 6.0,
    "8.2": 6.0,
    "19.1": 8.0,
    "-16.9": 4.0,
    "-2.1": 5.0,
    "-12.7": 6.0,
    "-6.0": 6.0,
    "-5.6": 3.0,
    "10.2": 4.0,
    "9.7": 4.0,
    "-15.6": 10.0,
    "-7.3": 12.0,
    "-0.6": 5.0,
    "-6.8": 11.0,
    "-13.1": 3.0,
    "-19.1": 7.0,
    "-7.4": 5.0,
    "-14.4": 5.0,
    "12.5": 2.0,
    "15.0": 9.0,
    "14.0": 4.0,
    "-16.4": 3.0,
    "13.4": 3.0,
    "-15.7": 3.0,
    "13.5": 5.0,
    "9.0": 5.0,
    "3.5": 7.0,
    "16.9": 6.333333333333334,
    "-13.7": 5.0,
    "-17.0": 5.0,
    "-12.4": 11.0,
    "-7.2": 3.0,
    "-5.5": 9.333333333333332,
    "-8.9": 6.0,
    "-8.4": 5.0,
    "8.1": 3.0,
    "0.0": 0.0,
    "-5.0": 3.0,
    "11.6": 6.333333333333334,
    "11.1": 6.0,
    "-2.3": 8.0,
    "-13.0": 6.0,
    "-10.3": 4.0,
    "17.4": 7.0,
    "-18.1": 9.0,
    "-8.5": 6.0,
    "2.3": 6.0,
    "13.0": 9.0,
    "-19.7": 5.0,
    "-13.2": 6.0,
    "7.5": 5.0,
    "17.7": 5.0,
    "10.6": 2.0,
    "5.2": 5.0,
    "-0.8": 3.5,
    "15.6": 2.0,
    "12.2": 8.0,
    "16.4": 4.0,
    "6.8": 5.0,
    "6.2": 7.0,
    "19.9": 1.0,
    "10.5": 3.0,
    "2.7": 7.0,
    "15.9": 3.0,
    "-18.6": 7.0,
    "9.6": 7.0,
    "12.3": 6.0,
    "-19.3": 3.0,
    "-10.9": 9.0,
    "16.6": 5.0,
    "-14.7": 6.0,
    "12.1": 7.333333333333333,
    "13.3": 6.0,
    "-9.2": 7.0,
    "4.3": 4.0,
    "18.5": 4.0,
    "-14.9": 4.0,
    "-11.9": 5.0,
    "7.0": 7.0,
    "-5.8": 8.5,
    "11.0": 6.0,
    "4.9": 7.0,
    "1.2": 8.0,
    "7.9": 7.0,
    "15.3": 6.0,
    "6.7": 10.0,
    "19.4": 8.0,
    "-1.8": 4.0,
    "6.0": 6.0,
    "3.0": 4.0,
    "18.1": 4.0,
    "2.5": 8.0,
    "-19.0": 4.0,
    "-15.4": 7.0,
    "9.4": 3.0,
    "-1.3": 6.0,
    "10.9": 6.0,
    "-8.7": 8.0,
    "-15.0": 3.0,
    "-9.5": 6.0,
    "17.9": 6.0,
    "0.2": 1.0,
    "5.3": 4.0,
    "18.2": 3.0,
    "14.7": 2.0,
    "14.4": 7.333333333333333,
    "2.6": 3.0,
    "-1.1": 10.0,
    "-7.5": 6.0,
    "14.3": 3.0,
    "-4.6": 4.0,
    "16.8": 8.0,
    "-9.7": 6.0,
    "-13.9": 8.0,
    "1.9": 7.0,
    "17.5": 3.0,
    "15.8": 8.0,
    "-4.5": 6.0,
    "17.0": 5.0,
    "15.2": 2.0,
    "3.2": 5.0,
    "2.2": 3.0,
    "4.0": 5.333333333333333,
    "-17.4": 5.333333333333333,
    "-16.7": 7.0,
    "-15.9": 8.0,
    "-8.3": 4.0,
    "6.5": 3.0,
    "-3.1": 5.0,
    "2.9": 6.0,
    "-1.7": 8.0,
    "-12.1": 2.0,
    "-2.4": 4.0,
    "-6.5": 5.333333333333333,
    "-5.9": 4.0,
    "-16.6": 4.0,
    "11.8": 7.0,
    "9.5": 6.0,
    "14.9": 4.0,
    "11.9": 6.0,
    "1.7": 8.0,
    "11.7": 4.0,
    "13.2": 6.0,
    "0.3": 1.0,
    "4.4": 3.0,
    "-19.2": 5.0,
    "16.2": 2.0,
    "-10.4": 4.0,
    "-18.7": 6.0,
    "-2.5": 6.5,
    "-19.6": 3.0,
    "-9.4": 3.0,
    "5.9": 1.3333333333333333,
    "12.0": 3.0,
    "-19.5": 8.0,
    "-4.7": 7.0,
    "-14.1": 4.333333333333333,
    "-18.8": 3.0,
    "-15.5": 5.0,
    "-9.8": 5.0,
    "-14.5": 6.0,
    "-13.6": 6.0,
    "1.0": 8.0,
    "4.6": 3.333333333333333,
    "-13.4": 6.0,
    "17.2": 5.0,
    "16.1": 10.0,
    "-1.0": 5.0,
    "-12.2": 9.333333333333332,
    "-4.1": 4.0,
    "-11.3": 7.0,
    "-14.3": 4.0,
    "-0.5": 5.0,
    "2.4": 6.0,
    "2.0": 5.0,
    "-16.0": 3.0,
    "-15.2": 6.0,
    "-3.8": 6.0,
    "-10.5": 4.0,
    "-1.5": 5.0,
    "-0.7": 3.5,
    "-10.0": 5.0,
    "10.8": 4.0,
    "8.0": 5.0,
    "3.3": 5.0,
    "-8.0": 6.0,
    "5.1": 3.0,
    "15.4": 8.0,
    "12.9": 9.0,
    "-17.8": 3.0,
    "-11.1": 4.0,
    "-4.9": 4.0,
    "-18.3": 4.0,
    "-3.3": 6.0,
    "-8.6": 5.0,
    "3.6": 5.0,
    "14.5": 4.0,
    "0.5": 2.0,
    "1.3": 8.0,
    "-18.0": 3.0,
    "-8.8": 6.0,
    "14.8": 6.0,
    "5.4": 6.0,
    "17.1": 2.0,
    "-5.4": 3.0,
    "-18.9": 3.0,
    "-17.7": 5.0,
    "-1.4": 6.0,
    "-18.2": 5.0,
    "-7.9": 5.0,
    "7.3": 4.0,
    "7.4": 6.0,
    "-14.0": 7.0,
    "-6.7": 5.0,
    "-19.4": 1.3333333333333333,
    "13.1": 2.0,
    "5.0": 5.0,
    "-19.9": 6.0,
    "-1.2": 3.0,
    "10.3": 4.0,
    "-0.3": 1.0,
    "-4.2": 4.0,
    "14.6": 2.0,
    "15.1": 5.0,
    "-16.3": 6.0,
    "-0.4": 1.0,
    "8.5": 4.0,
    "-6.3": 8.0,
    "4.2": 5.0,
    "17.3": 3.0,
    "5.7": 5.0,
    "-14.8": 3.0,
    "-4.3": 3.0,
    "13.8": 7.0,
    "-7.7": 4.0,
    "-11.6": 7.0,
    "-2.7": 3.0,
    "12.4": 4.0,
    "18.8": 7.0,
    "-9.6": 7.0,
    "10.0": 5.0,
    "-16.5": 3.0,
    "-16.8": 3.0,
    "-12.3": 6.0,
    "6.6": 3.0,
    "9.1": 2.0,
    "15.7": 3.0,
    "5.5": 1.0,
    "8.9": 4.0,
    "1.1": 4.0,
    "-12.8": 4.0,
    "-2.6": 5.0,
    "7.6": 3.0,
    "6.4": 2.0,
    "-9.9": 2.0,
    "18.7": 3.0,
    "-17.6": 3.0,
    "11.5": 3.0,
    "-16.2": 4.0,
    "-18.4": 5.0,
    "-11.5": 4.0,
    "0.8": 3.0,
    "-5.3": 4.0,
    "18.9": 4.0,
    "-11.4": 3.0,
    "-17.5": 3.3333333333333335,
    "12.8": 1.0,
    "-6.2": 3.0,
    "-17.2": 1.0,
    "-18.5": 2.0,
    "-2.2": 4.0,
    "-5.1": 2.0,
    "10.7": 4.0,
    "16.3": 5.0,
    "-7.8": 3.0,
    "-13.5": 2.0,
    "18.0": 5.0,
    "3.7": 3.0,
    "9.8": 2.0,
    "15.5": 3.0,
    "-3.7": 2.0,
    "-12.6": 3.0,
    "19.3": 5.0,
    "-9.1": 2.5,
    "-0.1": 0.0,
    "5.6": 4.0,
    "-0.9": 5.0,
    "3.9": 2.0,
    "6.9": 2.0,
    "-12.9": 3.0,
    "-4.4": 4.0,
    "-14.2": 2.0,
    "11.3": 1.0,
    "19.0": 3.0,
    "10.1": 1.0,
    "8.4": 1.0
}