{
    "0.53999996": 5,
    "1.5": 8,
    "0.35999995": 1,
    "-0.030000001": 3,
    "1.67": 4,
    "0.15000002": 1,
    "-1.3299999": 2,
    "0.98": 4,
    "-1.02": 5,
    "-1.48": 6,
    "-1.91": 4,
    "-0.86": 2,
    "1.48": 5,
    "1.26": 6,
    "-1.18": 3,
    "-1.27": 7,
    "-0.29": 3,
    "-1.6": 8,
    "0.100000024": 3,
    "1.35": 5,
    "-1.1600001": 3,
    "-1.45": 4,
    "-0.25000003": 1,
    "-0.58": 2,
    "-1.39": 8,
    "-0.089999974": 2,
    "1.4699999": 4,
    "-0.15999997": 3,
    "-0.050000012": 1,
    "-1.24": 8,
    "0.38": 4,
    "-1.0": 5,
    "0.37": 6,
    "-0.56": 6,
    "1.9200001": 4,
    "-0.46999997": 1,
    "-1.08": 6,
    "1.34": 3,
    "-0.05000007": 1,
    "0.55": 3,
    "-1.66": 3,
    "1.4200001": 2,
    "-0.5": 4,
    "-1.3499999": 2,
    "-1.96": 7,
    "-0.26000002": 1,
    "0.3": 4,
    "1.62": 4,
    "-0.66": 3,
    "1.38": 6,
    "-1.53": 5,
    "0.5": 4,
    "1.82": 4,
    "-1.9200001": 4,
    "-1.42": 5,
    "-0.41": 3,
    "0.03999996": 2,
    "-0.49000004": 1,
    "-1.63": 5,
    "-1.87": 5,
    "-0.15000004": 1,
    "1.58": 3,
    "-1.3100001": 2,
    "0.16": 4,
    "1.55": 3,
    "-0.67": 2,
    "1.08": 3,
    "-0.42": 2,
    "0.32999998": 3,
    "1.97": 4,
    "-0.72999996": 1,
    "-0.37": 6,
    "1.72": 3,
    "-1.34": 4,
    "1.0": 3,
    "1.14": 5,
    "-0.9599999": 1,
    "-0.77000004": 5,
    "0.28000003": 2,
    "-0.90999997": 4,
    "0.39": 3,
    "0.48": 2,
    "1.1800001": 3,
    "1.56": 3,
    "-1.15": 11,
    "-1.61": 2,
    "1.0999999": 2,
    "-0.7": 3,
    "-0.19": 3,
    "0.13": 4,
    "0.19": 2,
    "-0.89": 5,
    "1.12": 6,
    "1.1300001": 1,
    "0.7": 2,
    "1.32": 2,
    "-0.71000004": 2,
    "-1.69": 6,
    "1.57": 3,
    "1.33": 2,
    "-0.58000004": 3,
    "0.52000004": 3,
    "-0.6999999": 2,
    "-0.28999996": 1,
    "1.88": 5,
    "1.65": 4,
    "0.8": 4,
    "1.36": 2,
    "-0.41000003": 1,
    "-0.75": 3,
    "-1.07": 3,
    "1.74": 9,
    "1.19": 3,
    "-0.22999999": 2,
    "0.62": 2,
    "0.77": 4,
    "1.83": 3,
    "-1.1800001": 3,
    "-0.03999999": 2,
    "0.98999995": 4,
    "0.56999993": 1,
    "0.27999997": 4,
    "1.51": 7,
    "-0.9": 2,
    "1.28": 4,
    "0.96": 1,
    "1.69": 3,
    "-0.53": 4,
    "-0.32": 5,
    "1.91": 6,
    "0.35000002": 3,
    "1.2099999": 2,
    "-1.5799999": 2,
    "-1.8000001": 4,
    "-1.4": 3,
    "1.98": 7,
    "-0.93000007": 1,
    "-0.74": 7,
    "1.9300001": 8,
    "-0.9000001": 1,
    "-1.41": 6,
    "-0.25": 1,
    "-1.76": 3,
    "0.53000003": 4,
    "-1.62": 3,
    "1.41": 5,
    "-1.4100001": 3,
    "0.23000002": 5,
    "-1.82": 6,
    "-1.57": 2,
    "-1.28": 11,
    "0.21999991": 1,
    "0.13999999": 3,
    "1.23": 5,
    "0.17000002": 3,
    "0.93": 3,
    "1.95": 5,
    "0.45999992": 1,
    "0.120000005": 4,
    "-0.36999997": 1,
    "0.69": 4,
    "-1.71": 5,
    "-1.56": 2,
    "-0.060000002": 6,
    "0.52": 5,
    "-0.81999993": 1,
    "1.3499999": 1,
    "-0.54": 2,
    "0.57": 3,
    "-1.31": 3,
    "1.05": 2,
    "-0.02000001": 3,
    "0.87999994": 1,
    "1.63": 3,
    "1.1400001": 1,
    "1.5400001": 3,
    "-1.3199999": 4,
    "1.77": 6,
    "0.24000001": 9,
    "1.4599999": 2,
    "0.64": 2,
    "0.63": 6,
    "0.53": 3,
    "-0.38": 4,
    "1.61": 6,
    "-0.22": 2,
    "-0.17999999": 1,
    "-0.84000003": 4,
    "-0.45999992": 1,
    "1.16": 8,
    "-1.9300001": 7,
    "-0.78999996": 2,
    "-0.67999995": 3,
    "-0.7099999": 2,
    "1.47": 4,
    "-1.55": 3,
    "-1.21": 1,
    "-0.39999998": 3,
    "0.93000007": 1,
    "0.33000004": 2,
    "-0.36": 3,
    "-1.36": 7,
    "0.57000005": 1,
    "-0.76": 4,
    "-0.06999999": 4,
    "0.46999997": 4,
    "0.99": 3,
    "-0.72": 4,
    "-1.3399999": 2,
    "-0.14999998": 2,
    "1.8": 1,
    "-1.5600001": 6,
    "0.29000002": 2,
    "0.29999998": 2,
    "-0.38000003": 2,
    "1.18": 2,
    "1.0699999": 2,
    "-1.43": 4,
    "1.96": 2,
    "0.8399999": 1,
    "-0.49": 2,
    "0.110000014": 4,
    "1.6500001": 3,
    "-0.46000004": 2,
    "1.0899999": 1,
    "0.59": 2,
    "1.75": 6,
    "-1.52": 3,
    "-0.51": 3,
    "-1.84": 3,
    "0.34000003": 1,
    "-1.7900001": 1,
    "1.5899999": 3,
    "-1.6600001": 3,
    "-0.24000001": 4,
    "1.13": 6,
    "-0.62": 4,
    "-1.22": 1,
    "-0.110000014": 4,
    "-1.05": 3,
    "1.7": 3,
    "1.04": 5,
    "0.69000006": 1,
    "-0.26": 8,
    "1.9000001": 1,
    "0.83000004": 4,
    "-1.47": 3,
    "1.6800001": 4,
    "-1.83": 1,
    "-1.06": 2,
    "0.030000001": 3,
    "0.31": 3,
    "0.20999998": 3,
    "0.80999994": 2,
    "0.47999996": 4,
    "0.89": 5,
    "0.35": 1,
    "-1.9100001": 6,
    "0.47000003": 2,
    "1.52": 5,
    "-0.61": 3,
    "0.03999999": 2,
    "-1.98": 4,
    "-0.64": 5,
    "-1.01": 4,
    "0.55999994": 3,
    "0.059999973": 1,
    "0.84": 2,
    "-1.37": 1,
    "0.56": 5,
    "1.78": 4,
    "0.8000001": 2,
    "-0.27": 1,
    "-1.46": 7,
    "-1.11": 8,
    "1.39": 8,
    "0.94000006": 2,
    "1.0300001": 1,
    "-1.3000001": 3,
    "1.42": 2,
    "0.40999997": 4,
    "1.1299999": 1,
    "-1.1": 5,
    "-1.4399999": 1,
    "1.87": 11,
    "0.119999975": 1,
    "-0.120000005": 6,
    "0.88000005": 1,
    "0.45999998": 3,
    "-0.5500001": 1,
    "-1.26": 4,
    "-1.6400001": 2,
    "-1.86": 5,
    "-1.8100001": 6,
    "-1.58": 3,
    "0.36": 2,
    "0.34": 1,
    "-0.3": 2,
    "0.10000001": 2,
    "-1.54": 3,
    "-0.049999982": 1,
    "-1.12": 4,
    "0.94": 6,
    "-0.71": 2,
    "0.59999996": 4,
    "-1.7": 5,
    "-1.03": 1,
    "0.16000003": 1,
    "0.58": 3,
    "-0.33": 1,
    "0.41": 2,
    "-1.95": 1,
    "0.07000005": 1,
    "-0.44": 4,
    "0.86": 3,
    "1.6700001": 1,
    "-1.3599999": 1,
    "1.76": 3,
    "-1.29": 4,
    "-0.66999996": 3,
    "1.4300001": 5,
    "-0.13999999": 3,
    "-0.65": 4,
    "1.6": 5,
    "1.1899999": 1,
    "-0.52": 3,
    "0.33999997": 4,
    "-1.14": 5,
    "-1.4599999": 1,
    "1.22": 5,
    "0.91999996": 2,
    "0.029999971": 2,
    "-0.88000005": 3,
    "-0.88": 2,
    "-1.0899999": 2,
    "-1.51": 10,
    "-0.6": 2,
    "-0.49999997": 1,
    "1.54": 4,
    "1.3": 3,
    "0.68": 2,
    "0.68999994": 1,
    "-0.79": 2,
    "0.19999993": 1,
    "0.95000005": 5,
    "-1.3900001": 1,
    "0.05": 1,
    "-1.32": 1,
    "-1.1299999": 1,
    "0.91": 3,
    "-1.4799999": 1,
    "0.06999993": 1,
    "0.32": 3,
    "0.78999996": 1,
    "-1.3": 3,
    "-0.81": 3,
    "-0.08000004": 2,
    "1.24": 4,
    "-1.09": 2,
    "0.19999999": 3,
    "-0.91999996": 3,
    "-1.73": 2,
    "-1.1199999": 1,
    "0.83": 1,
    "1.8199999": 1,
    "0.79999995": 3,
    "-0.65000004": 2,
    "0.060000002": 4,
    "-1.6899999": 3,
    "-0.53000003": 6,
    "-0.31": 1,
    "-0.09000003": 2,
    "1.8100001": 4,
    "-0.96999997": 2,
    "-0.8499999": 1,
    "1.81": 4,
    "-1.6800001": 4,
    "0.08000001": 1,
    "1.0799999": 6,
    "0.48999998": 3,
    "-0.32999998": 1,
    "-0.63": 4,
    "0.84999996": 2,
    "-0.99": 5,
    "-1.3699999": 1,
    "-0.90000004": 1,
    "-0.47000003": 3,
    "0.17999999": 2,
    "0.96999997": 2,
    "-1.25": 5,
    "1.79": 1,
    "-0.31999993": 2,
    "0.5799999": 1,
    "-1.1500001": 1,
    "-0.83": 3,
    "-1.5200001": 3,
    "-1.17": 4,
    "0.51": 4,
    "1.68": 2,
    "1.53": 3,
    "0.70000005": 2,
    "0.35999998": 1,
    "-0.82": 2,
    "-0.3499999": 2,
    "1.1099999": 2,
    "-0.87": 5,
    "1.0500001": 2,
    "-1.8900001": 1,
    "-0.18000007": 2,
    "-1.79": 4,
    "0.87": 4,
    "0.61": 2,
    "-0.96000004": 4,
    "0.010000005": 1,
    "-0.53999996": 4,
    "-0.77": 5,
    "0.44": 4,
    "-1.4200001": 2,
    "-0.45000002": 1,
    "-1.97": 2,
    "1.1600001": 1,
    "0.14": 2,
    "0.01000002": 1,
    "0.49999997": 2,
    "0.73": 7,
    "1.15": 4,
    "-1.1099999": 1,
    "-1.88": 3,
    "0.23999998": 2,
    "0.00999999": 3,
    "-0.32000002": 1,
    "1.85": 4,
    "0.63000005": 1,
    "-0.029999971": 3,
    "-1.13": 3,
    "1.1700001": 3,
    "-0.63000005": 1,
    "1.9100001": 4,
    "0.18999997": 1,
    "1.5500001": 2,