{
    "0.53999996": 2.0,
    "1.5": 7.0,
    "0.35999995": 0.0,
    "-0.030000001": 0.0,
    "1.67": 4.0,
    "0.15000002": 0.0,
    "-1.3299999": 1.0,
    "0.98": 2.1666666666666665,
    "-1.02": 4.5,
    "-1.48": 5.0,
    "-1.91": 3.0,
    "-0.86": 0.5,
    "1.48": 4.5,
    "1.26": 5.0,
    "-1.18": 2.5,
    "-1.27": 5.5,
    "-0.29": 0.0,
    "-1.6": 6.0,
    "0.100000024": 0.0,
    "1.35": 4.0,
    "-1.1600001": 1.0,
    "-1.45": 3.0,
    "-0.25000003": 0.0,
    "-0.58": 0.5,
    "-1.39": 6.5,
    "-0.089999974": 0.0,
    "1.4699999": 3.0,
    "-0.15999997": 0.5,
    "-0.050000012": 0.0,
    "-1.24": 6.5,
    "0.38": 0.0,
    "-1.0": 3.5,
    "0.37": 0.2,
    "-0.56": 0.6666666666666666,
    "1.9200001": 4.0,
    "-0.46999997": 0.3333333333333333,
    "-1.08": 2.0,
    "1.34": 1.6666666666666665,
    "-0.05000007": 0.0,
    "0.55": 1.5,
    "-1.66": 2.5,
    "1.4200001": 1.0,
    "-0.5": 1.5,
    "-1.3499999": 2.0,
    "-1.96": 5.5,
    "-0.26000002": 0.0,
    "0.3": 0.0,
    "1.62": 3.0,
    "-0.66": 0.8333333333333333,
    "1.38": 4.0,
    "-1.53": 4.0,
    "0.5": 1.5,
    "1.82": 3.5,
    "-1.9200001": 3.0,
    "-1.42": 5.0,
    "-0.41": 0.25,
    "0.03999996": 0.0,
    "-0.49000004": 0.0,
    "-1.63": 5.0,
    "-1.87": 4.25,
    "-0.15000004": 0.0,
    "1.58": 2.5,
    "-1.3100001": 2.0,
    "0.16": 0.0,
    "1.55": 1.5,
    "-0.67": 0.25,
    "1.08": 1.5,
    "-0.42": 0.3333333333333333,
    "0.32999998": 0.0,
    "1.97": 2.5,
    "-0.72999996": 0.25,
    "-0.37": 0.0,
    "1.72": 2.5,
    "-1.34": 3.0,
    "1.0": 2.5,
    "1.14": 3.333333333333333,
    "-0.9599999": 1.0,
    "-0.77000004": 1.6666666666666665,
    "0.28000003": 0.0,
    "-0.90999997": 1.3333333333333333,
    "0.39": 0.0,
    "0.48": 0.0,
    "1.1800001": 1.0,
    "1.56": 3.0,
    "-1.15": 7.5,
    "-1.61": 1.0,
    "1.0999999": 2.0,
    "-0.7": 0.8333333333333333,
    "-0.19": 0.0,
    "0.13": 0.0,
    "0.19": 0.0,
    "-0.89": 2.0,
    "1.12": 4.5,
    "1.1300001": 0.3333333333333333,
    "0.7": 0.0,
    "1.32": 0.5,
    "-0.71000004": 0.8333333333333333,
    "-1.69": 5.0,
    "1.57": 2.0,
    "1.33": 1.5,
    "-0.58000004": 0.7,
    "0.52000004": 1.5333333333333332,
    "-0.6999999": 0.0,
    "-0.28999996": 0.0,
    "1.88": 4.5,
    "1.65": 3.5,
    "0.8": 0.0,
    "1.36": 1.5,
    "-0.41000003": 0.0,
    "-0.75": 1.4,
    "-1.07": 2.0,
    "1.74": 8.5,
    "1.19": 1.25,
    "-0.22999999": 0.0,
    "0.62": 0.0,
    "0.77": 2.0,
    "1.83": 3.0,
    "-1.1800001": 2.333333333333333,
    "-0.03999999": 0.0,
    "0.98999995": 2.5,
    "0.56999993": 0.0,
    "0.27999997": 0.16666666666666666,
    "1.51": 5.0,
    "-0.9": 0.25,
    "1.28": 3.0,
    "0.96": 0.5,
    "1.69": 2.0,
    "-0.53": 0.0,
    "-0.32": 0.0,
    "1.91": 4.0,
    "0.35000002": 0.0,
    "1.2099999": 0.5,
    "-1.5799999": 1.5,
    "-1.8000001": 4.0,
    "-1.4": 1.5,
    "1.98": 4.833333333333334,
    "-0.93000007": 0.0,
    "-0.74": 1.5,
    "1.9300001": 7.0,
    "-0.9000001": 0.0,
    "-1.41": 3.8333333333333335,
    "-0.25": 0.0,
    "-1.76": 2.333333333333333,
    "0.53000003": 0.0,
    "-1.62": 1.0,
    "1.41": 4.5,
    "-1.4100001": 2.0,
    "0.23000002": 0.0,
    "-1.82": 5.0,
    "-1.57": 1.0,
    "-1.28": 8.0,
    "0.21999991": 0.3333333333333333,
    "0.13999999": 0.0,
    "1.23": 3.75,
    "0.17000002": 0.0,
    "0.93": 1.8333333333333333,
    "1.95": 4.5,
    "0.45999992": 1.0,
    "0.120000005": 0.0,
    "-0.36999997": 0.0,
    "0.69": 1.1666666666666665,
    "-1.71": 4.5,
    "-1.56": 1.5,
    "-0.060000002": 0.0,
    "0.52": 0.45,
    "-0.81999993": 0.5,
    "1.3499999": 1.0,
    "-0.54": 0.0,
    "0.57": 0.3333333333333333,
    "-1.31": 2.0,
    "1.05": 1.0,
    "-0.02000001": 0.0,
    "0.87999994": 0.0,
    "1.63": 3.0,
    "1.1400001": 1.0,
    "1.5400001": 1.5,
    "-1.3199999": 3.0,
    "1.77": 4.5,
    "0.24000001": 1.0,
    "1.4599999": 1.5,
    "0.64": 0.0,
    "0.63": 1.25,
    "0.53": 0.6666666666666666,
    "-0.38": 1.25,
    "1.61": 2.5,
    "-0.22": 0.0,
    "-0.17999999": 0.0,
    "-0.84000003": 0.5833333333333333,
    "-0.45999992": 0.0,
    "1.16": 5.333333333333334,
    "-1.9300001": 4.0,
    "-0.78999996": 0.0,
    "-0.67999995": 1.25,
    "-0.7099999": 1.5,
    "1.47": 3.5,
    "-1.55": 1.5,
    "-1.21": 0.5,
    "-0.39999998": 0.0,
    "0.93000007": 1.0,
    "0.33000004": 0.3333333333333333,
    "-0.36": 0.25,
    "-1.36": 4.5,
    "0.57000005": 0.0,
    "-0.76": 0.6666666666666666,
    "-0.06999999": 0.0,
    "0.46999997": 0.0,
    "0.99": 1.5,
    "-0.72": 3.0,
    "-1.3399999": 1.0,
    "-0.14999998": 0.0,
    "1.8": 1.0,
    "-1.5600001": 5.0,
    "0.29000002": 0.0,
    "0.29999998": 0.0,
    "-0.38000003": 0.0,
    "1.18": 0.5,
    "1.0699999": 2.0,
    "-1.43": 3.5,
    "1.96": 2.0,
    "0.8399999": 0.0,
    "-0.49": 1.0,
    "0.110000014": 0.0,
    "1.6500001": 3.0,
    "-0.46000004": 0.5833333333333333,
    "1.0899999": 0.5,
    "0.59": 1.0,
    "1.75": 5.5,
    "-1.52": 3.0,
    "-0.51": 1.6666666666666665,
    "-1.84": 2.5,
    "0.34000003": 0.5,
    "-1.7900001": 1.0,
    "1.5899999": 2.0,
    "-1.6600001": 2.5,
    "-0.24000001": 0.0,
    "1.13": 4.333333333333333,
    "-0.62": 1.75,
    "-1.22": 0.0,
    "-0.110000014": 0.0,
    "-1.05": 0.5,
    "1.7": 2.3333333333333335,
    "1.04": 2.5,
    "0.69000006": 1.0,
    "-0.26": 0.0,
    "1.9000001": 0.3333333333333333,
    "0.83000004": 1.3333333333333333,
    "-1.47": 2.5,
    "1.6800001": 3.5,
    "-1.83": 1.0,
    "-1.06": 1.0,
    "0.030000001": 0.0,
    "0.31": 0.0,
    "0.20999998": 0.0,
    "0.80999994": 0.25,
    "0.47999996": 0.0,
    "0.89": 1.5,
    "0.35": 0.0,
    "-1.9100001": 5.0,
    "0.47000003": 0.0,
    "1.52": 4.5,
    "-0.61": 0.3333333333333333,
    "0.03999999": 0.0,
    "-1.98": 2.5,
    "-0.64": 0.75,
    "-1.01": 2.5,
    "0.55999994": 0.8333333333333333,
    "0.059999973": 0.0,
    "0.84": 1.0,
    "-1.37": 1.0,
    "0.56": 1.6666666666666665,
    "1.78": 4.0,
    "0.8000001": 1.0,
    "-0.27": 0.0,
    "-1.46": 6.5,
    "-1.11": 5.25,
    "1.39": 6.5,
    "0.94000006": 0.8333333333333333,
    "1.0300001": 1.0,
    "-1.3000001": 3.0,
    "1.42": 2.0,
    "0.40999997": 0.0,
    "1.1299999": 0.5,
    "-1.1": 1.6666666666666665,
    "-1.4399999": 0.5,
    "1.87": 9.333333333333332,
    "0.119999975": 0.0,
    "-0.120000005": 0.0,
    "0.88000005": 0.0,
    "0.45999998": 0.0,
    "-0.5500001": 0.5,
    "-1.26": 3.5,
    "-1.6400001": 1.0,
    "-1.86": 3.0,
    "-1.8100001": 6.0,
    "-1.58": 1.0,
    "0.36": 0.5,
    "0.34": 0.0,
    "-0.3": 0.3333333333333333,
    "0.10000001": 0.0,
    "-1.54": 3.0,
    "-0.049999982": 0.0,
    "-1.12": 2.083333333333333,
    "0.94": 4.0,
    "-0.71": 0.5,
    "0.59999996": 0.3333333333333333,
    "-1.7": 5.0,
    "-1.03": 0.5,
    "0.16000003": 0.0,
    "0.58": 0.0,
    "-0.33": 0.0,
    "0.41": 0.3333333333333333,
    "-1.95": 1.0,
    "0.07000005": 0.0,
    "-0.44": 0.0,
    "0.86": 0.8333333333333333,
    "1.6700001": 1.0,
    "-1.3599999": 1.0,
    "1.76": 3.0,
    "-1.29": 2.5,
    "-0.66999996": 1.5,
    "1.4300001": 4.5,
    "-0.13999999": 0.0,
    "-0.65": 0.95,
    "1.6": 4.0,
    "1.1899999": 0.5,
    "-0.52": 1.0833333333333333,
    "0.33999997": 0.3333333333333333,
    "-1.14": 3.5,
    "-1.4599999": 1.0,
    "1.22": 4.0,
    "0.91999996": 0.0,
    "0.029999971": 0.0,
    "-0.88000005": 3.0,
    "-0.88": 0.7,
    "-1.0899999": 0.5,
    "-1.51": 7.0,
    "-0.6": 0.5,
    "-0.49999997": 0.0,
    "1.54": 2.5,
    "1.3": 3.0,
    "0.68": 0.5,
    "0.68999994": 0.3333333333333333,
    "-0.79": 0.8333333333333333,
    "0.19999993": 0.0,
    "0.95000005": 1.95,
    "-1.3900001": 0.3333333333333333,
    "0.05": 0.0,
    "-1.32": 0.0,
    "-1.1299999": 1.0,
    "0.91": 1.3333333333333333,
    "-1.4799999": 1.0,
    "0.06999993": 0.0,
    "0.32": 0.0,
    "0.78999996": 1.0,
    "-1.3": 2.5,
    "-0.81": 2.333333333333333,
    "-0.08000004": 0.0,
    "1.24": 2.5,
    "-1.09": 2.0,
    "0.19999999": 0.0,
    "-0.91999996": 0.5,
    "-1.73": 0.5,