{
    "0.53999996": 9,
    "1.5": 10,
    "0.35999995": 3,
    "-0.030000001": 0,
    "1.67": 4,
    "0.15000002": 0,
    "-1.3299999": 6,
    "0.98": 8,
    "-1.02": 10,
    "-1.48": 11,
    "-1.91": 5,
    "-0.86": 6,
    "1.48": 8,
    "1.26": 9,
    "-1.18": 6,
    "-1.27": 12,
    "-0.29": 0,
    "-1.6": 11,
    "0.100000024": 0,
    "1.35": 9,
    "-1.1600001": 6,
    "-1.45": 7,
    "-0.25000003": 0,
    "-0.58": 5,
    "-1.39": 14,
    "-0.089999974": 0,
    "1.4699999": 5,
    "-0.15999997": 2,
    "-0.050000012": 0,
    "-1.24": 17,
    "0.38": 7,
    "-1.0": 10,
    "0.37": 6,
    "-0.56": 19,
    "1.9200001": 5,
    "-0.46999997": 0,
    "-1.08": 16,
    "1.34": 7,
    "-0.05000007": 0,
    "0.55": 6,
    "-1.66": 4,
    "1.4200001": 2,
    "-0.5": 10,
    "-1.3499999": 3,
    "-1.96": 13,
    "-0.26000002": 0,
    "0.3": 0,
    "1.62": 5,
    "-0.66": 10,
    "1.38": 7,
    "-1.53": 7,
    "0.5": 4,
    "1.82": 4,
    "-1.9200001": 5,
    "-1.42": 9,
    "-0.41": 2,
    "0.03999996": 3,
    "-0.49000004": 0,
    "-1.63": 5,
    "-1.87": 6,
    "-0.15000004": 0,
    "1.58": 5,
    "-1.3100001": 3,
    "0.16": 0,
    "1.55": 5,
    "-0.67": 10,
    "1.08": 6,
    "-0.42": 2,
    "0.32999998": 0,
    "1.97": 6,
    "-0.72999996": 2,
    "-0.37": 1,
    "1.72": 5,
    "-1.34": 8,
    "1.0": 5,
    "1.14": 10,
    "-0.9599999": 2,
    "-0.77000004": 12,
    "0.28000003": 0,
    "-0.90999997": 12,
    "0.39": 0,
    "0.48": 2,
    "1.1800001": 4,
    "1.56": 3,
    "-1.15": 24,
    "-1.61": 3,
    "1.0999999": 3,
    "-0.7": 2,
    "-0.19": 0,
    "0.13": 0,
    "0.19": 2,
    "-0.89": 13,
    "1.12": 12,
    "1.1300001": 4,
    "0.7": 4,
    "1.32": 7,
    "-0.71000004": 7,
    "-1.69": 9,
    "1.57": 3,
    "1.33": 4,
    "-0.58000004": 6,
    "0.52000004": 3,
    "-0.6999999": 4,
    "-0.28999996": 0,
    "1.88": 5,
    "1.65": 4,
    "0.8": 7,
    "1.36": 3,
    "-0.41000003": 3,
    "-0.75": 9,
    "-1.07": 8,
    "1.74": 13,
    "1.19": 6,
    "-0.22999999": 0,
    "0.62": 5,
    "0.77": 10,
    "1.83": 4,
    "-1.1800001": 9,
    "-0.03999999": 0,
    "0.98999995": 6,
    "0.56999993": 2,
    "0.27999997": 0,
    "1.51": 10,
    "-0.9": 4,
    "1.28": 7,
    "0.96": 2,
    "1.69": 3,
    "-0.53": 4,
    "-0.32": 0,
    "1.91": 7,
    "0.35000002": 1,
    "1.2099999": 4,
    "-1.5799999": 4,
    "-1.8000001": 4,
    "-1.4": 5,
    "1.98": 10,
    "-0.93000007": 2,
    "-0.74": 21,
    "1.9300001": 11,
    "-0.9000001": 3,
    "-1.41": 14,
    "-0.25": 0,
    "-1.76": 5,
    "0.53000003": 15,
    "-1.62": 6,
    "1.41": 7,
    "-1.4100001": 5,
    "0.23000002": 0,
    "-1.82": 9,
    "-1.57": 3,
    "-1.28": 18,
    "0.21999991": 0,
    "0.13999999": 0,
    "1.23": 9,
    "0.17000002": 0,
    "0.93": 8,
    "1.95": 6,
    "0.45999992": 0,
    "0.120000005": 0,
    "-0.36999997": 0,
    "0.69": 6,
    "-1.71": 6,
    "-1.56": 3,
    "-0.060000002": 0,
    "0.52": 10,
    "-0.81999993": 3,
    "1.3499999": 2,
    "-0.54": 5,
    "0.57": 4,
    "-1.31": 7,
    "1.05": 3,
    "-0.02000001": 0,
    "0.87999994": 2,
    "1.63": 3,
    "1.1400001": 2,
    "1.5400001": 3,
    "-1.3199999": 8,
    "1.77": 9,
    "0.24000001": 0,
    "1.4599999": 3,
    "0.64": 6,
    "0.63": 16,
    "0.53": 7,
    "-0.38": 2,
    "1.61": 9,
    "-0.22": 2,
    "-0.17999999": 0,
    "-0.84000003": 10,
    "-0.45999992": 0,
    "1.16": 14,
    "-1.9300001": 10,
    "-0.78999996": 3,
    "-0.67999995": 12,
    "-0.7099999": 0,
    "1.47": 4,
    "-1.55": 5,
    "-1.21": 2,
    "-0.39999998": 0,
    "0.93000007": 2,
    "0.33000004": 5,
    "-0.36": 1,
    "-1.36": 15,
    "0.57000005": 3,
    "-0.76": 12,
    "-0.06999999": 0,
    "0.46999997": 4,
    "0.99": 6,
    "-0.72": 9,
    "-1.3399999": 4,
    "-0.14999998": 0,
    "1.8": 1,
    "-1.5600001": 11,
    "0.29000002": 0,
    "0.29999998": 1,
    "-0.38000003": 3,
    "1.18": 3,
    "1.0699999": 3,
    "-1.43": 6,
    "1.96": 2,
    "0.8399999": 2,
    "-0.49": 3,
    "0.110000014": 0,
    "1.6500001": 3,
    "-0.46000004": 0,
    "1.0899999": 1,
    "0.59": 3,
    "1.75": 7,
    "-1.52": 5,
    "-0.51": 6,
    "-1.84": 6,
    "0.34000003": 0,
    "-1.7900001": 1,
    "1.5899999": 5,
    "-1.6600001": 6,
    "-0.24000001": 0,
    "1.13": 12,
    "-0.62": 12,
    "-1.22": 3,
    "-0.110000014": 0,
    "-1.05": 7,
    "1.7": 4,
    "1.04": 11,
    "0.69000006": 2,
    "-0.26": 0,
    "1.9000001": 1,
    "0.83000004": 13,
    "-1.47": 6,
    "1.6800001": 6,
    "-1.83": 1,
    "-1.06": 4,
    "0.030000001": 0,
    "0.31": 0,
    "0.20999998": 0,
    "0.80999994": 5,
    "0.47999996": 3,
    "0.89": 12,
    "0.35": 0,
    "-1.9100001": 7,
    "0.47000003": 2,
    "1.52": 9,
    "-0.61": 5,
    "0.03999999": 0,
    "-1.98": 8,
    "-0.64": 6,
    "-1.01": 8,
    "0.55999994": 5,
    "0.059999973": 0,
    "0.84": 4,
    "-1.37": 1,
    "0.56": 16,
    "1.78": 4,
    "0.8000001": 4,
    "-0.27": 0,
    "-1.46": 11,
    "-1.11": 17,
    "1.39": 9,
    "0.94000006": 6,
    "1.0300001": 1,
    "-1.3000001": 7,
    "1.42": 2,
    "0.40999997": 0,
    "1.1299999": 1,
    "-1.1": 13,
    "-1.4399999": 2,
    "1.87": 13,
    "0.119999975": 0,
    "-0.120000005": 0,
    "0.88000005": 2,
    "0.45999998": 8,
    "-0.5500001": 0,
    "-1.26": 7,
    "-1.6400001": 3,
    "-1.86": 7,
    "-1.8100001": 9,
    "-1.58": 5,
    "0.36": 0,
    "0.34": 2,
    "-0.3": 3,
    "0.10000001": 1,
    "-1.54": 6,
    "-0.049999982": 0,
    "-1.12": 11,
    "0.94": 10,
    "-0.71": 5,
    "0.59999996": 3,
    "-1.7": 10,
    "-1.03": 2,
    "0.16000003": 0,
    "0.58": 4,
    "-0.33": 0,
    "0.41": 7,
    "-1.95": 1,
    "0.07000005": 0,
    "-0.44": 3,
    "0.86": 5,
    "1.6700001": 2,
    "-1.3599999": 2,
    "1.76": 3,
    "-1.29": 8,
    "-0.66999996": 6,
    "1.4300001": 5,
    "-0.13999999": 0,
    "-0.65": 13,
    "1.6": 6,
    "1.1899999": 2,
    "-0.52": 7,
    "0.33999997": 0,
    "-1.14": 10,
    "-1.4599999": 1,
    "1.22": 7,
    "0.91999996": 4,
    "0.029999971": 0,
    "-0.88000005": 6,
    "-0.88": 5,
    "-1.0899999": 6,
    "-1.51": 17,
    "-0.6": 3,
    "-0.49999997": 0,
    "1.54": 5,
    "1.3": 4,
    "0.68": 0,
    "0.68999994": 3,
    "-0.79": 7,
    "0.19999993": 3,
    "0.95000005": 10,
    "-1.3900001": 3,
    "0.05": 0,
    "-1.32": 3,
    "-1.1299999": 1,
    "0.91": 6,
    "-1.4799999": 1,
    "0.06999993": 0,
    "0.32": 4,
    "0.78999996": 1,
    "-1.3": 4,
    "-0.81": 6,
    "-0.08000004": 0,
    "1.24": 7,
    "-1.09": 6,
    "0.19999999": 0,
    "-0.91999996": 8,
    "-1.73": 4,
    "-1.1199999": 1,
    "0.83": 1,
    "1.8199999": 1,
    "0.79999995": 6,
    "-0.65000004": 3,
    "0.060000002": 0,
    "-1.6899999": 4,
    "-0.53000003": 8,
    "-0.31": 0,
    "-0.09000003": 0,
    "1.8100001": 5,
    "-0.96999997": 7,
    "-0.8499999": 3,
    "1.81": 8,
    "-1.6800001": 6,
    "0.08000001": 0,
    "1.0799999": 12,
    "0.48999998": 8,
    "-0.32999998": 0,
    "-0.63": 11,
    "0.84999996": 5,
    "-0.99": 11,
    "-1.3699999": 2,
    "-0.90000004": 2,
    "-0.47000003": 5,
    "0.17999999": 0,
    "0.96999997": 5,
    "-1.25": 9,
    "1.79": 2,
    "-0.31999993": 1,
    "0.5799999": 0,
    "-1.1500001": 1,
    "-0.83": 10,
    "-1.5200001": 5,
    "-1.17": 10,
    "0.51": 11,
    "1.68": 2,
    "1.53": 3,
    "0.70000005": 5,
    "0.35999998": 4,
    "-0.82": 4,
    "-0.3499999": 1,
    "1.1099999": 2,
    "-0.87": 17,
    "1.0500001": 8,
    "-1.8900001": 1,
    "-0.18000007": 0,
    "-1.79": 5,
    "0.87": 8,
    "0.61": 2,
    "-0.96000004": 13,
    "0.010000005": 0,
    "-0.53999996": 0,
    "-0.77": 12,
    "0.44": 0,
    "-1.4200001": 5,
    "-0.45000002": 5,
    "-1.97": 2,
    "1.1600001": 1,
    "0.14": 0,
    "0.01000002": 0,
    "0.49999997": 5,
    "0.73": 17,
    "1.15": 4,
    "-1.1099999": 1,
    "-1.88": 6,
    "0.23999998": 3,
    "0.00999999": 0,
    "-0.32000002": 0,
    "1.85": 4,
    "0.63000005": 1,
    "-0.029999971": 0,
    "-1.13": 8,
    "1.1700001": 3,
    "-0.63000005": 0,