{
    "0.53999996": NaN,
    "1.5": NaN,
    "0.35999995": NaN,
    "-0.030000001": NaN,
    "1.67": 4.0,
    "0.15000002": NaN,
    "-1.3299999": NaN,
    "0.98": NaN,
    "-1.02": 8.0,
    "-1.48": 12.0,
    "-1.91": NaN,
    "-0.86": NaN,
    "1.48": 7.0,
    "1.26": 11.0,
    "-1.18": NaN,
    "-1.27": NaN,
    "-0.29": NaN,
    "-1.6": NaN,
    "0.100000024": NaN,
    "1.35": NaN,
    "-1.1600001": NaN,
    "-1.45": NaN,
    "-0.25000003": NaN,
    "-0.58": 5.0,
    "-1.39": 9.0,
    "-0.089999974": NaN,
    "1.4699999": 6.0,
    "-0.15999997": NaN,
    "-0.050000012": NaN,
    "-1.24": NaN,
    "0.38": NaN,
    "-1.0": NaN,
    "0.37": NaN,
    "-0.56": NaN,
    "1.9200001": 3.0,
    "-0.46999997": NaN,
    "-1.08": 13.0,
    "1.34": 4.0,
    "-0.05000007": NaN,
    "0.55": NaN,
    "-1.66": 3.0,
    "1.4200001": NaN,
    "-0.5": NaN,
    "-1.3499999": 2.0,
    "-1.96": 9.0,
    "-0.26000002": NaN,
    "0.3": NaN,
    "1.62": 7.0,
    "-0.66": NaN,
    "1.38": NaN,
    "-1.53": 7.0,
    "0.5": NaN,
    "1.82": 2.0,
    "-1.9200001": 3.0,
    "-1.42": 11.0,
    "-0.41": NaN,
    "0.03999996": NaN,
    "-0.49000004": NaN,
    "-1.63": 7.0,
    "-1.87": 6.0,
    "-0.15000004": NaN,
    "1.58": NaN,
    "-1.3100001": 1.0,
    "0.16": NaN,
    "1.55": 4.0,
    "-0.67": NaN,
    "1.08": NaN,
    "-0.42": NaN,
    "0.32999998": NaN,
    "1.97": NaN,
    "-0.72999996": 4.0,
    "-0.37": NaN,
    "1.72": 4.0,
    "-1.34": NaN,
    "1.0": 3.0,
    "1.14": NaN,
    "-0.9599999": 2.0,
    "-0.77000004": NaN,
    "0.28000003": NaN,
    "-0.90999997": 7.0,
    "0.39": NaN,
    "0.48": NaN,
    "1.1800001": NaN,
    "1.56": 2.0,
    "-1.15": 13.0,
    "-1.61": 4.0,
    "1.0999999": 2.0,
    "-0.7": NaN,
    "-0.19": NaN,
    "0.13": NaN,
    "0.19": NaN,
    "-0.89": NaN,
    "1.12": NaN,
    "1.1300001": 4.0,
    "0.7": NaN,
    "1.32": 3.0,
    "-0.71000004": 6.0,
    "-1.69": 9.0,
    "1.57": NaN,
    "1.33": 3.0,
    "-0.58000004": NaN,
    "0.52000004": NaN,
    "-0.6999999": NaN,
    "-0.28999996": NaN,
    "1.88": 4.0,
    "1.65": 8.0,
    "0.8": 13.0,
    "1.36": 4.0,
    "-0.41000003": NaN,
    "-0.75": 2.0,
    "-1.07": 5.0,
    "1.74": 11.0,
    "1.19": 4.0,
    "-0.22999999": NaN,
    "0.62": 5.0,
    "0.77": NaN,
    "1.83": 1.0,
    "-1.1800001": 6.0,
    "-0.03999999": NaN,
    "0.98999995": 11.0,
    "0.56999993": NaN,
    "0.27999997": NaN,
    "1.51": NaN,
    "-0.9": NaN,
    "1.28": NaN,
    "0.96": 1.0,
    "1.69": NaN,
    "-0.53": NaN,
    "-0.32": NaN,
    "1.91": 7.0,
    "0.35000002": NaN,
    "1.2099999": 6.0,
    "-1.5799999": 1.0,
    "-1.8000001": 2.0,
    "-1.4": NaN,
    "1.98": NaN,
    "-0.93000007": 0.0,
    "-0.74": NaN,
    "1.9300001": 6.0,
    "-0.9000001": 0.0,
    "-1.41": NaN,
    "-0.25": NaN,
    "-1.76": NaN,
    "0.53000003": NaN,
    "-1.62": 5.0,
    "1.41": 5.0,
    "-1.4100001": 2.0,
    "0.23000002": NaN,
    "-1.82": 0.0,
    "-1.57": 2.0,
    "-1.28": NaN,
    "0.21999991": NaN,
    "0.13999999": NaN,
    "1.23": NaN,
    "0.17000002": NaN,
    "0.93": 6.0,
    "1.95": 5.0,
    "0.45999992": NaN,
    "0.120000005": NaN,
    "-0.36999997": NaN,
    "0.69": NaN,
    "-1.71": NaN,
    "-1.56": 2.0,
    "-0.060000002": NaN,
    "0.52": NaN,
    "-0.81999993": 1.0,
    "1.3499999": 2.0,
    "-0.54": NaN,
    "0.57": NaN,
    "-1.31": NaN,
    "1.05": 2.0,
    "-0.02000001": NaN,
    "0.87999994": 0.0,
    "1.63": 5.0,
    "1.1400001": 4.0,
    "1.5400001": NaN,
    "-1.3199999": NaN,
    "1.77": 6.0,
    "0.24000001": NaN,
    "1.4599999": 3.0,
    "0.64": 8.0,
    "0.63": NaN,
    "0.53": NaN,
    "-0.38": NaN,
    "1.61": NaN,
    "-0.22": NaN,
    "-0.17999999": NaN,
    "-0.84000003": NaN,
    "-0.45999992": NaN,
    "1.16": 13.0,
    "-1.9300001": 6.0,
    "-0.78999996": NaN,
    "-0.67999995": 5.0,
    "-0.7099999": NaN,
    "1.47": 2.0,
    "-1.55": NaN,
    "-1.21": 0.0,
    "-0.39999998": NaN,
    "0.93000007": NaN,
    "0.33000004": NaN,
    "-0.36": NaN,
    "-1.36": 20.0,
    "0.57000005": NaN,
    "-0.76": NaN,
    "-0.06999999": NaN,
    "0.46999997": NaN,
    "0.99": NaN,
    "-0.72": 3.0,
    "-1.3399999": NaN,
    "-0.14999998": NaN,
    "1.8": 0.0,
    "-1.5600001": NaN,
    "0.29000002": NaN,
    "0.29999998": NaN,
    "-0.38000003": NaN,
    "1.18": NaN,
    "1.0699999": 5.0,
    "-1.43": 3.0,
    "1.96": 2.0,
    "0.8399999": 1.0,
    "-0.49": NaN,
    "0.110000014": NaN,
    "1.6500001": 0.0,
    "-0.46000004": NaN,
    "1.0899999": 0.0,
    "0.59": NaN,
    "1.75": 4.0,
    "-1.52": 6.0,
    "-0.51": NaN,
    "-1.84": 5.0,
    "0.34000003": NaN,
    "-1.7900001": 1.0,
    "1.5899999": NaN,
    "-1.6600001": 7.0,
    "-0.24000001": NaN,
    "1.13": NaN,
    "-0.62": NaN,
    "-1.22": NaN,
    "-0.110000014": NaN,
    "-1.05": NaN,
    "1.7": 2.0,
    "1.04": NaN,
    "0.69000006": 1.0,
    "-0.26": NaN,
    "1.9000001": 0.0,
    "0.83000004": 8.0,
    "-1.47": 3.0,
    "1.6800001": 2.0,
    "-1.83": 0.0,
    "-1.06": 2.0,
    "0.030000001": NaN,
    "0.31": NaN,
    "0.20999998": NaN,
    "0.80999994": NaN,
    "0.47999996": NaN,
    "0.89": NaN,
    "0.35": NaN,
    "-1.9100001": 4.0,
    "0.47000003": NaN,
    "1.52": 4.0,
    "-0.61": NaN,
    "0.03999999": NaN,
    "-1.98": 5.0,
    "-0.64": NaN,
    "-1.01": 8.0,
    "0.55999994": NaN,
    "0.059999973": NaN,
    "0.84": 3.0,
    "-1.37": 0.0,
    "0.56": NaN,
    "1.78": 3.0,
    "0.8000001": 6.0,
    "-0.27": NaN,
    "-1.46": 6.0,
    "-1.11": 13.0,
    "1.39": NaN,
    "0.94000006": 3.0,
    "1.0300001": 3.0,
    "-1.3000001": 3.0,
    "1.42": 4.0,
    "0.40999997": NaN,
    "1.1299999": 3.0,
    "-1.1": 6.0,
    "-1.4399999": 4.0,
    "1.87": 19.0,
    "0.119999975": NaN,
    "-0.120000005": NaN,
    "0.88000005": NaN,
    "0.45999998": NaN,
    "-0.5500001": NaN,
    "-1.26": 6.0,
    "-1.6400001": NaN,
    "-1.86": 6.0,
    "-1.8100001": 9.0,
    "-1.58": 6.0,
    "0.36": NaN,
    "0.34": 4.0,
    "-0.3": NaN,
    "0.10000001": NaN,
    "-1.54": 6.0,
    "-0.049999982": NaN,
    "-1.12": 10.0,
    "0.94": 14.0,
    "-0.71": NaN,
    "0.59999996": NaN,
    "-1.7": 8.0,
    "-1.03": 0.0,
    "0.16000003": NaN,
    "0.58": NaN,
    "-0.33": NaN,
    "0.41": NaN,
    "-1.95": 0.0,
    "0.07000005": NaN,
    "-0.44": NaN,
    "0.86": NaN,
    "1.6700001": 0.0,
    "-1.3599999": 0.0,
    "1.76": 5.0,
    "-1.29": NaN,
    "-0.66999996": NaN,
    "1.4300001": NaN,
    "-0.13999999": NaN,
    "-0.65": NaN,
    "1.6": NaN,
    "1.1899999": 2.0,
    "-0.52": NaN,
    "0.33999997": NaN,
    "-1.14": NaN,
    "-1.4599999": 0.0,
    "1.22": NaN,
    "0.91999996": 4.0,
    "0.029999971": NaN,
    "-0.88000005": 3.0,
    "-0.88": 0.0,
    "-1.0899999": NaN,
    "-1.51": NaN,
    "-0.6": NaN,
    "-0.49999997": NaN,
    "1.54": NaN,
    "1.3": 4.0,
    "0.68": NaN,
    "0.68999994": 0.0,
    "-0.79": 6.0,
    "0.19999993": NaN,
    "0.95000005": NaN,
    "-1.3900001": 0.0,
    "0.05": NaN,
    "-1.32": 4.0,
    "-1.1299999": 2.0,
    "0.91": 3.0,
    "-1.4799999": 2.0,
    "0.06999993": NaN,
    "0.32": NaN,
    "0.78999996": 2.0,
    "-1.3": 2.0,
    "-0.81": NaN,
    "-0.08000004": NaN,
    "1.24": 9.0,
    "-1.09": 2.0,
    "0.19999999": NaN,
    "-0.91999996": NaN,
    "-1.73": 7.0,
    "-1.1199999": 3.0,
    "0.83": 3.0,
    "1.8199999": 0.0,
    "0.79999995": NaN,
    "-0.65000004": NaN,
    "0.060000002": NaN,
    "-1.6899999": 3.0,
    "-0.53000003": NaN,
    "-0.31": NaN,
    "-0.09000003": NaN,
    "1.8100001": 5.0,
    "-0.96999997": 3.0,
    "-0.8499999": 2.0,
    "1.81": NaN,
    "-1.6800001": 3.0,
    "0.08000001": NaN,
    "1.0799999": 9.0,
    "0.48999998": NaN,
    "-0.32999998": NaN,
    "-0.63": NaN,
    "0.84999996": 4.0,
    "-0.99": NaN,
    "-1.3699999": 1.0,
    "-0.90000004": 1.0,
    "-0.47000003": NaN,
    "0.17999999": NaN,
    "0.96999997": NaN,
    "-1.25": 8.0,
    "1.79": 2.0,
    "-0.31999993": NaN,
    "0.5799999": NaN,
    "-1.1500001": 3.0,
    "-0.83": NaN,
    "-1.5200001": 2.0,
    "-1.17": NaN,