{
    "0.11": 47.75,
    "0.29": 50.0,
    "0.19": 48.333333333333336,
    "-0.29": 50.0,
    "0.44": 50.0,
    "-0.21": 47.333333333333336,
    "0.06": 33.666666666666664,
    "0.46": 50.0,
    "0.41": 50.0,
    "0.24": 49.5,
    "-0.06": 15.750000000000002,
    "-0.19": 44.33333333333333,
    "-0.36": 50.0,
    "0.36": 49.33333333333333,
    "0.31": 50.0,
    "0.51": 50.0,
    "-0.09": 28.833333333333332,
    "-0.46": 49.0,
    "0.34": 50.0,
    "-0.01": 0.0,
    "-0.24": 49.333333333333336,
    "-0.26": 48.83333333333333,
    "-0.16": 42.78333333333333,
    "-0.14": 31.649999999999995,
    "-0.31": 48.833333333333336,
    "-0.49": 48.0,
    "0.49": 50.0,
    "-0.44": 50.0,
    "0.01": 0.0,
    "0.14": 47.0,
    "-0.11": 34.833333333333336,
    "0.09": 42.25,
    "-0.04": 0.0,
    "-0.39": 50.0,
    "0.21": 50.0,
    "0.26": 50.0,
    "0.16": 47.0,
    "-0.34": 49.5,
    "0.04": 4.5,
    "0.39": 50.0,
    "-0.41": 49.0
}