{
    "0.15": 47.75,
    "0.25": 49.5,
    "-0.75": 49.333333333333336,
    "1.45": 50.0,
    "-1.55": 49.333333333333336,
    "-0.95": 50.0,
    "-0.25": 48.333333333333336,
    "1.15": 49.333333333333336,
    "1.35": 50.0,
    "0.45": 50.0,
    "-1.65": 50.0,
    "0.75": 50.0,
    "0.95": 50.0,
    "0.05": 28.0,
    "0.65": 48.66666666666667,
    "1.05": 49.333333333333336,
    "-0.05": 11.25,
    "-0.15": 39.333333333333336,
    "-0.55": 49.5,
    "-0.35": 50.0,
    "-0.85": 50.0,
    "-1.35": 50.0,
    "0.35": 50.0,
    "1.25": 50.0,
    "0.55": 49.33333333333333,
    "-1.45": 49.33333333333333,
    "-0.45": 49.5,
    "1.55": 48.833333333333336,
    "0.85": 50.0,
    "-1.05": 49.5,
    "-0.65": 48.5,
    "-1.15": 49.0,
    "-1.75": 50.0,
    "1.65": 50.0,
    "-1.25": 50.0,
    "1.75": 50.0,
    "-1.85": 42.0,
    "1.85": 41.0,
    "-1.95": 8.0,
    "1.95": 5.0
}