{
    "0.11": 47.75,
    "0.19": 48.333333333333336,
    "0.07": 42.83333333333333,
    "-0.05": 8.333333333333332,
    "-0.19": 44.33333333333333,
    "-0.09": 31.616666666666664,
    "-0.01": 0.0,
    "-0.17": 41.78333333333334,
    "-0.13": 32.199999999999996,
    "0.05": 27.333333333333336,
    "-0.07": 24.333333333333332,
    "0.01": 0.0,
    "0.13": 47.5,
    "-0.11": 34.833333333333336,
    "-0.03": 0.0,
    "0.17": 47.0,
    "-0.15": 38.78333333333334,
    "0.15": 47.0,
    "0.03": 4.5,
    "0.09": 41.75
}