{
    "0.13": 46.75,
    "0.28": 50.0,
    "-0.72": 50.0,
    "0.18": 49.0,
    "-0.92": 48.66666666666667,
    "-0.27": 48.833333333333336,
    "0.43": 50.0,
    "-0.22": 47.83333333333333,
    "0.78": 50.0,
    "0.98": 50.0,
    "0.08": 40.0,
    "0.48": 50.0,
    "0.23": 49.5,
    "0.68": 50.0,
    "-0.97": 50.0,
    "-0.07": 21.416666666666668,
    "-0.17": 43.166666666666664,
    "-0.52": 50.0,
    "-0.37": 50.0,
    "-0.87": 50.0,
    "0.38": 49.333333333333336,
    "0.33": 50.0,
    "-0.82": 48.83333333333333,
    "0.58": 49.333333333333336,
    "0.53": 50.0,
    "0.93": 50.0,
    "-0.47": 48.0,
    "0.63": 48.666666666666664,
    "-0.02": 0.0,
    "0.88": 50.0,
    "-0.77": 49.33333333333333,
    "-0.62": 47.833333333333336,
    "-0.12": 32.83333333333333,
    "0.83": 50.0,
    "-0.57": 48.83333333333333,
    "-0.32": 49.5,
    "-0.42": 49.5,
    "0.03": 2.5,
    "0.73": 50.0,
    "-0.67": 49.0
}