{
    "1.5": 503.804242979243,
    "-1.67": 605.6282634032624,
    "-1.33": 536.7885947385936,
    "-1.02": 455.81601731601296,
    "0.86": 424.18202075701646,
    "-1.18": 503.58326118325886,
    "-1.6": 613.5001415251406,
    "-1.16": 470.4156204906183,
    "0.58": 380.1730158730118,
    "-0.16": 395.828571428566,
    "0.38": 394.6476190476136,
    "1.92": 583.7600288600281,
    "-1.34": 570.0076201576187,
    "-0.5": 401.9318903318848,
    "0.54": 409.8305555555499,
    "0.66": 415.49303751803205,
    "-0.41": 403.0765873015816,
    "-0.36": 392.1349206349156,
    "-0.15": 399.90952380951825,
    "1.47": 526.6392024642016,
    "-0.33": 405.52380952380366,
    "0.03": 395.7666666666613,
    "-0.56": 386.29126984126515,
    "1.14": 467.6987040737025,
    "0.15": 399.371428571423,
    "1.6": 514.2210511710508,
    "1.15": 461.96706349206175,
    "1.66": 514.6066072816071,
    "-0.89": 434.34278499277957,
    "-0.98": 434.60854978354564,
    "1.62": 544.0716866466857,
    "-1.92": 625.0019841269826,
    "-1.91": 625.0243228993211,
    "-1.48": 592.0691613941602,
    "0.04": 396.01904761904217,
    "1.48": 537.9072011321999,
    "1.26": 485.94691003440914,
    "-0.77": 405.8500721500675,
    "-0.42": 390.6265873015824,
    "-0.29": 405.379761904756,
    "-1.27": 546.8107087357072,
    "-1.35": 573.6340548340534,
    "1.0": 429.8670690420662,
    "0.96": 425.9231324231294,
    "0.1": 387.5904761904713,
    "-0.25": 407.63809523808925,
    "1.56": 517.0558524808519,
    "-1.4": 608.7314185814168,
    "0.09": 405.37142857142265,
    "1.45": 542.7086968586968,
    "1.24": 469.80582195582093,
    "-0.19": 395.60634920634385,
    "1.41": 528.1426573426564,
    "-1.39": 560.4862359862354,
    "0.37": 405.33968253967663,
    "1.82": 513.0975829725825,
    "-1.57": 611.8166833166822,
    "-0.46": 396.6539682539628,
    "0.05": 402.1547619047562,
    "1.08": 448.1655955155935,
    "1.87": 564.8136363636365,
    "-0.26": 394.5999999999947,
    "1.69": 536.5880924630918,
    "0.8": 401.01671106670653,
    "-1.08": 462.93381895881504,
    "0.55": 406.9841991341938,
    "-1.28": 547.7292568542553,
    "0.5": 401.1753968253916,
    "-0.23": 402.35714285713715,
    "-0.47": 399.9662698412645,
    "-1.97": 667.5499278499257,
    "-1.0": 448.4018342768299,
    "1.42": 515.0962592962587,
    "-0.3": 414.0190476190412,
    "1.28": 497.2769203019194,
    "-0.05": 397.13333333332787,
    "0.39": 390.3484848484799,
    "-1.69": 594.5252109002103,
    "-1.8": 561.031851481851,
    "0.19": 403.8428571428513,
    "-1.96": 641.5008658008651,
    "-0.49": 413.6886002885943,
    "1.63": 525.3371989121982,
    "1.53": 480.5949744699737,
    "0.71": 401.28769841269354,
    "1.38": 514.5520007769995,
    "-1.55": 594.6064158064146,
    "-0.67": 404.01027861027353,
    "1.09": 456.71412753912495,
    "-0.04": 402.9952380952323,
    "0.29": 393.73809523809,
    "1.27": 498.8486679986662,
    "1.95": 610.0543290043285,
    "-1.72": 581.8325396825393,
    "1.34": 508.36255688755574,
    "-0.91": 421.90840548340077,
    "-0.37": 395.5210317460265,
    "1.58": 524.1713231213225,
    "-1.58": 608.882273282272,
    "0.11": 390.29047619047117,
    "0.7": 401.2372211122165,
    "-1.31": 549.2743117993105,
    "0.28": 400.55476190475633,
    "-0.48": 408.85357142856543,
    "0.62": 410.6749361749307,
    "1.97": 630.8092712842694,
    "-0.7": 418.23738206237635,
    "-0.21": 388.86904761904265,
    "-1.1": 496.98497613497204,
    "0.13": 392.66666666666146,
    "-0.73": 413.26655844155306,
    "1.33": 534.8611013986006,
    "-0.53": 416.0249999999938,
    "-0.9": 425.90662393161875,
    "0.77": 417.4195526695479,
    "-0.52": 417.50169552668905,
    "1.12": 443.93769841269653,
    "1.51": 538.1521867021862,
    "1.65": 519.0816738816739,
    "-0.96": 451.27496392495937,
    "0.9": 421.7273976023932,
    "-1.21": 525.5286852036829,
    "-1.61": 607.6960150960142,
    "1.75": 522.4195831945827,
    "-1.88": 606.5319264069259,
    "1.74": 505.4094710844708,
    "1.18": 473.87751970251816,
    "-1.82": 586.7364690864688,
    "-1.76": 558.2906565656566,
    "1.13": 465.5202408702387,
    "-1.19": 514.9163614163589,
    "-0.94": 438.5382034631986,
    "1.07": 448.7107364857339,
    "0.57": 431.84404761904113,
    "0.69": 419.8601703851649,
    "0.17": 413.4023809523746,
    "1.83": 523.550288600288,
    "-0.74": 397.2004689754643,
    "-0.02": 391.3952380952329,
    "1.32": 508.60960983460836,
    "-1.36": 594.1956071706056,
    "1.43": 528.7593850593846,
    "-1.22": 535.0397630147611,
    "-0.35": 417.112698412692,
    "0.63": 411.31944444443917,
    "-1.32": 555.030574980574,
    "0.53": 389.397402597398,
    "0.22": 373.8071428571388,
    "-1.56": 618.8635836385822,
    "0.31": 390.2853174603126,
    "0.16": 402.809523809518,
    "1.98": 657.2231962481942,
    "-0.14": 423.90476190475493,
    "-0.22": 425.71904761904057,
    "0.84": 414.18361083360645,
    "1.67": 508.094488844488,
    "-0.75": 399.4962703962656,
    "-0.93": 426.7095321345279,
    "-1.14": 472.1728993228971,
    "-1.37": 572.7891247641231,
    "-1.54": 605.6525696525691,
    "-1.23": 525.2684870684853,
    "0.82": 401.52745032744633,
    "1.16": 497.60978188478003,
    "0.99": 435.0593406593372,
    "1.71": 520.2010739260736,
    "0.88": 422.28874458873975,
    "-1.68": 587.2035797535792,
    "0.12": 408.88571428570816,
    "-1.15": 509.9772449772426,
    "1.77": 531.3890331890332,
    "0.07": 390.87142857142345,
    "-0.32": 411.9238095238032,
    "-0.24": 402.8626984126927,
    "-1.12": 519.799067599064,
    "-1.05": 468.1999694749657,
    "0.18": 416.79047619046963,
    "0.23": 397.63809523808976,
    "1.52": 517.5274558774553,
    "-0.79": 418.3392857142804,
    "1.93": 604.8147186147177,
    "0.68": 410.08412698412155,
    "0.4": 398.8359279609227,
    "0.47": 402.8178571428515,
    "0.94": 404.2688522262019,
    "1.21": 479.52644022643904,
    "0.64": 395.4216810966765,
    "-0.69": 399.9774531024486,
    "0.93": 424.58375513375154,
    "1.59": 526.3615884115876,
    "0.46": 407.68603896103303,
    "1.72": 548.7006410256402,
    "-0.72": 412.3253968253911,
    "1.02": 445.5751581751556,
    "0.76": 396.9335470085426,
    "-1.74": 596.8273809523803,
    "-0.03": 403.7857142857084,
    "-0.99": 449.08409090908674,
    "-1.46": 586.7341353091339,
    "-1.9": 598.6029803529801,
    "1.46": 538.9197496947486,
    "0.06": 399.46031746031184,
    "1.96": 631.3200937950924,
    "-0.38": 406.7075396825338,
    "-1.41": 576.1902597402589,
    "-0.34": 413.87698412697785,
    "0.91": 419.46721056720685,
    "-1.7": 599.0458152958149,
    "-1.07": 449.70808080807745,
    "-0.84": 407.71900876900435,
    "0.49": 392.53333333332836,
    "1.79": 538.9718614718607,
    "1.39": 534.3253857253842,
    "-0.11": 409.20952380951775,
    "-0.51": 402.11201298700735,
    "-0.62": 392.1940476190428,
    "-0.31": 408.9595238095177,
    "-1.26": 539.5874070374048,
    "-1.98": 673.108005883004,
    "-1.66": 600.7935869685857,
    "-1.13": 488.119841269838,
    "-0.13": 406.8690476190416,
    "0.26": 405.03333333332745,
    "-1.75": 580.4261877011871,
    "-1.24": 534.1096431346405,
    "-0.57": 377.2858225108187,
    "1.91": 569.6720779220773,
    "1.68": 540.0630147630143,
    "-1.83": 599.6928571428572,
    "-1.84": 613.4962121212106,
    "-0.61": 402.5837301587245,
    "-0.18": 382.8888888888842,
    "-1.78": 603.7999278499267,
    "0.59": 408.40833333332756,
    "-0.83": 415.4347402597352,
    "-1.06": 469.3171911421877,
    "-1.86": 566.7997807747811,
    "-0.71": 414.0914835164784,
    "-1.93": 621.8822150072145,
    "-1.01": 441.1706654456618,
    "-0.64": 408.96904761904204,
    "0.35": 385.5904761904715,
    "-1.04": 467.6430957930922,
    "-1.65": 601.664682539682,
    "-0.06": 399.73809523808967,
    "-0.87": 435.587193362188,
    "-1.71": 589.9755411255413,
    "1.81": 561.2091630591619,
    "0.56": 419.69126984126353,
    "-0.68": 406.52247474746997,
    "-1.03": 454.3427849927804,
    "-1.47": 592.1943611943599,