{
    "0.91": 0.0,
    "0.74": 0.5,
    "0.67": 1.3333333333333333,
    "6.67": 89.53333333333335,
    "0.8": 0.0,
    "1.25": 0.0,
    "1.33": 0.0,
    "0.69": 0.25,
    "20.0": 99.33333333333333,
    "4.0": 69.73333333333333,
    "0.95": 0.0,
    "1.11": 0.0,
    "0.87": 0.0,
    "3.33": 51.125000000000014,
    "1.05": 0.0,
    "1.0": 0.0,
    "2.86": 34.574999999999996,
    "2.0": 5.7333333333333325,
    "0.71": 0.0,
    "1.54": 0.75,
    "10.0": 97.83333333333334,
    "1.18": 0.0,
    "2.5": 20.68571428571428,
    "0.77": 0.0,
    "5.0": 83.66666666666666,
    "1.82": 1.7833333333333332,
    "1.67": 0.5833333333333333,
    "0.83": 0.0,
    "1.43": 0.0,
    "2.22": 9.034523809523808
}